"구분","2019-10","2019-11","2019-12","2020-01","2020-02","2020-03","평균"
"관찰지역수","17","17","29","29","17","17","21.00"
"합계","217,162","189,783","229,855","224,062","134,873","110,323","184,343.00"
"들꿩","0","0","0","0","0","0","0.00"
"멧닭","0","0","0","0","0","0","0.00"
"메추라기","0","0","0","1","0","0","0.17"
"꿩","59","54","81","78","47","39","59.67"
"개리","0","104","0","11","1","0","19.33"
"큰기러기","61,985","24,485","37,637","24,298","12,063","1,274","26,957.00"
"회색기러기","0","0","0","0","0","0","0.00"
"쇠기러기","13,244","51,031","33,647","25,355","26,055","7,831","26,193.83"
"흰이마기러기","0","0","0","0","0","0","0.00"
"줄기러기","0","0","0","0","0","0","0.00"
"흰머리기러기","0","0","0","0","0","0","0.00"
"흰기러기","1","0","5","1","0","0","1.17"
"붉은가슴기러기","0","0","0","0","0","0","0.00"
"캐나다기러기","0","0","0","0","0","0","0.00"
"흑기러기","0","0","0","0","0","0","0.00"
"흰얼굴기러기","0","0","0","0","0","0","0.00"
"혹고니","0","0","0","1","0","0","0.17"
"고니","0","3","0","0","0","0","0.50"
"큰고니","48","2,608","1,169","1,457","1,807","18","1,184.50"
"혹부리오리","27","46","1,550","2,931","1,356","1,570","1,246.67"
"황오리","197","272","1,375","1,372","973","190","729.83"
"원앙사촌","0","0","0","0","0","0","0.00"
"원앙","268","123","74","141","16","155","129.50"
"알락오리","2,731","2,724","793","1,085","1,254","1,794","1,730.17"
"청머리오리","8,306","359","119","358","775","1,219","1,856.00"
"홍머리오리","6,602","1,328","81","449","272","705","1,572.83"
"아메리카홍머리오리","0","0","0","0","0","0","0.00"
"미국오리","0","0","0","0","0","0","0.00"
"청둥오리","2,641","24,867","33,147","36,389","23,349","21,010","23,567.17"
"흰뺨검둥오리","9,926","10,501","25,017","30,627","12,099","10,681","16,475.17"
"넓적부리","64","7,032","1,689","1,226","685","2,022","2,119.67"
"고방오리","466","471","261","845","315","76","405.67"
"발구지","0","0","0","0","0","4","0.67"
"가창오리","0","96","0","6","0","154","42.67"
"쇠오리","751","1,260","3,701","4,381","2,516","2,665","2,545.67"
"미국쇠오리","0","0","0","0","0","0","0.00"
"붉은부리흰죽지","0","0","0","0","0","0","0.00"
"큰흰죽지","0","0","0","0","0","0","0.00"
"미국흰죽지","0","0","0","0","0","0","0.00"
"흰죽지","8,133","7,079","7,786","5,111","4,787","8,698","6,932.33"
"붉은가슴흰죽지","0","0","0","0","0","0","0.00"
"적갈색흰죽지","0","0","0","0","0","0","0.00"
"북미댕기흰죽지","0","0","0","0","0","0","0.00"
"댕기흰죽지","299","2,792","6,386","7,325","955","2,404","3,360.17"
"검은머리흰죽지","687","138","106","259","44","313","257.83"
"쇠검은머리흰죽지","0","0","0","0","0","0","0.00"
"호사북방오리","0","0","0","0","0","0","0.00"
"흰줄박이오리","0","0","0","0","0","0","0.00"
"검둥오리사촌","0","0","0","0","0","0","0.00"
"검둥오리","0","0","0","0","0","0","0.00"
"바다꿩","0","0","0","0","0","0","0.00"
"꼬마오리","0","0","0","0","0","0","0.00"
"흰뺨오리","0","635","1,599","952","504","367","676.17"
"북방흰뺨오리","0","0","0","0","0","0","0.00"
"흰비오리","0","78","165","222","128","37","105.00"
"비오리","0","842","2,165","2,767","1,074","712","1,260.00"
"바다비오리","0","0","71","125","120","55","61.83"
"호사비오리","10","58","28","53","50","18","36.17"
"아비","0","0","0","0","0","0","0.00"
"큰회색머리아비","0","0","0","0","0","0","0.00"
"회색머리아비","0","0","0","0","0","0","0.00"
"흰부리아비","0","0","0","0","0","0","0.00"
"레이산알바트로스","0","0","0","0","0","0","0.00"
"알바트로스","0","0","0","0","0","0","0.00"
"흰배슴새","0","0","0","0","0","0","0.00"
"슴새","0","0","0","0","0","0","0.00"
"쇠부리슴새","0","0","0","0","0","0","0.00"
"붉은발슴새","0","0","0","0","0","0","0.00"
"검은슴새","0","0","0","0","0","0","0.00"
"바다제비","0","0","0","0","0","0","0.00"
"논병아리","503","436","538","677","243","128","420.83"
"큰논병아리","0","0","0","0","0","0","0.00"
"뿔논병아리","976","1,544","1,146","431","438","794","888.17"
"귀뿔논병아리","0","0","0","0","0","0","0.00"
"검은목논병아리","1,142","359","41","42","69","155","301.33"
"큰홍학","0","0","0","0","0","0","0.00"
"먹황새","0","0","0","0","0","0","0.00"
"황새","0","0","4","5","0","0","1.50"
"검은머리흰따오기","0","0","0","0","0","0","0.00"
"따오기","0","0","0","0","0","0","0.00"
"적갈색따오기","0","0","0","0","0","0","0.00"
"노랑부리저어새","80","108","82","20","60","57","67.83"
"저어새","133","43","7","2","0","46","38.50"
"알락해오라기","0","0","1","0","0","0","0.17"
"덤불해오라기","0","0","0","0","0","0","0.00"
"큰덤불해오라기","0","0","0","0","0","0","0.00"
"열대붉은해오라기","0","0","0","0","0","0","0.00"
"검은해오라기","0","0","0","0","0","0","0.00"
"붉은해오라기","0","0","0","0","0","0","0.00"
"푸른눈테해오라기","0","0","0","0","0","0","0.00"
"해오라기","3","1","0","17","8","0","4.83"
"검은댕기해오라기","0","0","0","0","0","0","0.00"
"흰날개해오라기","0","0","0","0","0","0","0.00"
"황로","3","0","4","0","0","0","1.17"
"왜가리","535","325","550","522","321","692","490.83"
"붉은왜가리","0","0","0","0","0","0","0.00"
"중대백로","407","335","682","693","281","429","471.17"
"중백로","3","0","1","0","0","0","0.67"
"쇠백로","196","43","147","96","23","31","89.33"
"흑로","0","0","0","0","0","0","0.00"
"노랑부리백로","0","0","0","0","0","0","0.00"
"큰군함조","0","0","0","0","0","0","0.00"
"군함조","0","0","0","0","0","0","0.00"
"큰사다새","0","0","0","0","0","0","0.00"
"사다새","0","0","0","0","0","0","0.00"
"푸른얼굴얼가니새","0","0","0","0","0","0","0.00"
"붉은발얼가니새","0","0","0","0","0","0","0.00"
"갈색얼가니새","0","0","0","0","0","0","0.00"
"민물가마우지","4,216","555","1,697","1,796","801","1,720","1,797.50"
"가마우지","0","0","0","0","0","0","0.00"
"쇠가마우지","0","0","0","0","0","0","0.00"
"붉은뺨가마우지","0","0","0","0","0","0","0.00"
"황조롱이","43","49","71","58","29","45","49.17"
"비둘기조롱이","1","0","0","0","0","0","0.17"
"쇠황조롱이","0","1","4","1","0","3","1.50"
"새호리기","4","0","0","0","0","0","0.67"
"헨다손매","0","0","0","0","0","0","0.00"
"흰매","0","0","0","0","0","0","0.00"
"매","0","0","1","1","3","0","0.83"
"물수리","9","1","2","0","0","0","2.00"
"검은댕기수리","0","0","0","0","0","0","0.00"
"검은어깨매","0","0","2","1","0","0","0.50"
"벌매","0","0","0","0","0","0","0.00"
"솔개","0","0","0","0","0","0","0.00"
"흰꼬리수리","1","6","48","65","51","27","33.00"
"참수리","0","0","2","1","2","0","0.83"
"수염수리","0","0","0","0","0","0","0.00"
"고산대머리수리","0","0","0","0","0","0","0.00"
"독수리","1","0","42","146","287","44","86.67"
"관수리","0","0","0","0","0","0","0.00"
"개구리매","0","0","0","2","0","0","0.33"
"잿빛개구리매","2","1","16","12","4","8","7.17"
"알락개구리매","0","0","0","0","0","0","0.00"
"붉은배새매","0","0","0","0","0","0","0.00"
"조롱이","0","0","0","0","0","0","0.00"
"작은새매","0","0","0","0","0","0","0.00"
"새매","5","5","3","5","0","3","3.50"
"참매","2","6","5","9","2","0","4.00"
"왕새매","0","0","0","0","0","0","0.00"
"말똥가리","30","58","122","167","68","58","83.83"
"큰말똥가리","0","1","1","0","0","1","0.50"
"털발말똥가리","2","0","0","2","0","0","0.67"
"항라머리검독수리","0","0","0","0","0","0","0.00"
"초원수리","0","0","0","0","0","0","0.00"
"흰죽지수리","0","0","0","0","0","0","0.00"
"검독수리","0","0","0","0","0","0","0.00"
"흰배줄무늬수리","0","0","0","0","0","0","0.00"
"흰점어깨수리","0","0","0","0","0","0","0.00"
"뿔매","0","0","0","0","0","0","0.00"
"느시","0","0","0","0","0","0","0.00"
"알락뜸부기","0","0","0","0","0","0","0.00"
"흰눈썹뜸부기","0","0","0","0","0","0","0.00"
"흰배뜸부기","0","0","0","0","0","0","0.00"
"쇠뜸부기","0","0","0","0","0","0","0.00"
"쇠뜸부기사촌","0","0","0","0","0","0","0.00"
"한국뜸부기","0","0","0","0","0","0","0.00"
"뜸부기","1","0","0","0","0","0","0.17"
"쇠물닭","17","2","2","6","6","1","5.67"
"물닭","9,774","15,557","5,864","6,897","4,123","4,615","7,805.00"
"쇠재두루미","0","0","0","0","0","0","0.00"
"시베리아흰두루미","0","0","0","0","0","0","0.00"
"캐나다두루미","0","0","0","0","0","0","0.00"
"재두루미","15","288","464","824","281","246","353.00"
"검은목두루미","0","0","0","0","0","0","0.00"
"흑두루미","0","0","0","0","0","0","0.00"
"두루미","0","6","483","435","27","0","158.50"
"세가락메추라기","0","0","0","0","0","0","0.00"
"검은머리물떼새","0","0","0","0","8","35","7.17"
"장다리물떼새","0","0","0","0","0","0","0.00"
"뒷부리장다리물떼새","0","0","0","0","0","0","0.00"
"댕기물떼새","0","0","7","7","0","8","3.67"
"민댕기물떼새","0","0","0","0","0","0","0.00"
"검은가슴물떼새","0","0","0","0","0","0","0.00"
"개꿩","12","109","589","737","7","0","242.33"
"흰죽지꼬마물떼새","0","0","0","0","0","0","0.00"
"흰목물떼새","9","6","4","5","8","3","5.83"
"꼬마물떼새","1","0","0","0","0","14","2.50"
"흰물떼새","0","0","0","0","0","0","0.00"
"왕눈물떼새","0","0","0","0","0","0","0.00"
"큰왕눈물떼새","0","0","0","0","0","0","0.00"
"큰물떼새","0","0","0","0","0","0","0.00"
"흰눈썹물떼새","0","0","0","0","0","0","0.00"
"호사도요","0","0","0","0","0","0","0.00"
"물꿩","0","0","0","0","0","0","0.00"
"멧도요","0","0","0","0","0","0","0.00"
"꼬마도요","0","0","0","0","0","0","0.00"
"청도요","0","0","0","0","0","0","0.00"
"큰꺅도요","0","0","0","0","0","0","0.00"
"바늘꼬리도요","0","0","0","0","0","0","0.00"
"꺅도요사촌","0","0","0","0","0","0","0.00"
"꺅도요","3","0","0","0","0","0","0.50"
"긴부리도요","0","0","0","0","0","0","0.00"
"큰부리도요","0","0","0","0","0","0","0.00"
"흑꼬리도요","0","0","0","0","0","0","0.00"
"큰뒷부리도요","0","0","0","0","0","0","0.00"
"쇠부리도요","0","0","0","0","0","0","0.00"
"중부리도요","0","0","0","0","0","0","0.00"
"마도요","0","32","1,320","1,732","760","1,112","826.00"
"알락꼬리마도요","2","4","2","0","0","0","1.33"
"학도요","0","0","0","0","0","46","7.67"
"붉은발도요","0","0","0","0","0","0","0.00"
"쇠청다리도요","0","0","0","0","0","0","0.00"
"청다리도요","22","0","37","0","0","0","9.83"
"청다리도요사촌","0","0","0","0","0","0","0.00"
"큰노랑발도요","0","0","0","0","0","0","0.00"
"삑삑도요","18","13","16","27","13","9","16.00"
"알락도요","0","0","0","0","0","0","0.00"
"뒷부리도요","11","0","0","0","0","0","1.83"
"깝작도요","16","6","0","2","17","21","10.33"
"노랑발도요","0","0","0","0","0","0","0.00"
"꼬까도요","0","0","0","0","0","0","0.00"
"붉은어깨도요","0","0","0","0","0","0","0.00"
"붉은가슴도요","0","0","0","0","0","0","0.00"
"세가락도요","0","0","0","0","0","0","0.00"
"좀도요","0","0","460","0","0","0","76.67"
"작은도요","0","0","0","0","0","0","0.00"
"흰꼬리좀도요","0","0","0","0","0","0","0.00"
"종달도요","0","0","0","0","0","0","0.00"
"아메리카메추라기도요","0","0","0","0","0","0","0.00"
"메추라기도요","0","0","0","0","0","0","0.00"
"붉은갯도요","0","0","0","0","0","0","0.00"
"민물도요","0","401","3,052","3,134","758","135","1,246.67"
"넓적부리도요","0","0","0","0","0","0","0.00"
"송곳부리도요","0","0","0","0","0","0","0.00"
"누른도요","0","0","0","0","0","0","0.00"
"목도리도요","0","0","0","0","0","0","0.00"
"큰지느러미발도요","0","0","0","0","0","0","0.00"
"지느러미발도요","0","0","0","0","0","0","0.00"
"붉은배지느러미발도요","0","0","0","0","0","0","0.00"
"제비물떼새","0","0","0","0","0","0","0.00"
"괭이갈매기","1,860","6,722","2,776","982","8,941","11,896","5,529.50"
"갈매기","0","0","11","18","7","0","6.00"
"수리갈매기","0","0","0","0","0","0","0.00"
"흰갈매기","0","0","0","0","0","0","0.00"
"작은흰갈매기","0","0","0","0","0","0","0.00"
"작은재갈매기","0","0","0","0","0","0","0.00"
"재갈매기","112","183","1,342","637","1,158","8,505","1,989.50"
"옅은재갈매기","0","0","0","0","0","0","0.00"
"한국재갈매기","97","74","23","178","102","557","171.83"
"줄무늬노랑발갈매기","0","4","0","0","0","0","0.67"
"큰재갈매기","0","0","0","1","0","0","0.17"
"큰검은머리갈매기","0","0","0","0","0","0","0.00"
"붉은부리갈매기","184","457","697","1,046","184","1,003","595.17"
"긴목갈매기","0","0","0","0","0","0","0.00"
"검은머리갈매기","0","6","61","0","0","118","30.83"
"고대갈매기","0","0","0","0","0","0","0.00"
"꼬마갈매기","0","0","0","0","0","0","0.00"
"북극흰갈매기","0","0","0","0","0","0","0.00"
"목테갈매기","0","0","0","0","0","0","0.00"
"세가락갈매기","0","0","0","0","0","0","0.00"
"큰부리제비갈매기","0","0","0","0","0","0","0.00"
"붉은부리큰제비갈매기","0","0","0","0","0","0","0.00"
"큰제비갈매기","0","0","0","0","0","0","0.00"
"뿔제비갈매기","0","0","0","0","0","0","0.00"
"긴꼬리제비갈매기","0","0","0","0","0","0","0.00"
"제비갈매기","0","0","0","0","0","0","0.00"
"쇠제비갈매기","0","0","0","0","0","0","0.00"
"알류샨제비갈매기","0","0","0","0","0","0","0.00"
"에위니아제비갈매기","0","0","0","0","0","0","0.00"
"검은등제비갈매기","0","0","0","0","0","0","0.00"
"구레나룻제비갈매기","0","0","0","0","0","0","0.00"
"흰죽지제비갈매기","0","0","0","0","0","0","0.00"
"검은제비갈매기","0","0","0","0","0","0","0.00"
"흰제비갈매기","0","0","0","0","0","0","0.00"
"남극도둑갈매기","0","0","0","0","0","0","0.00"
"넓적꼬리도둑갈매기","0","0","0","0","0","0","0.00"
"북극도둑갈매기","0","0","0","0","0","0","0.00"
"긴꼬리도둑갈매기","0","0","0","0","0","0","0.00"
"큰부리바다오리","0","0","0","0","0","0","0.00"
"바다오리","0","0","0","0","0","0","0.00"
"흰눈썹바다오리","0","0","0","0","0","0","0.00"
"알락쇠오리","0","0","0","0","0","0","0.00"
"바다쇠오리","0","0","0","0","0","0","0.00"
"뿔쇠오리","0","0","0","0","0","0","0.00"
"작은바다오리","0","0","0","0","0","0","0.00"
"흰수염바다오리","0","0","0","0","0","0","0.00"
"댕기바다오리","0","0","0","0","0","0","0.00"
"사막꿩","0","0","0","0","0","0","0.00"
"양비둘기","0","0","110","12","0","0","20.33"
"분홍가슴비둘기","0","0","0","0","0","0","0.00"
"흑비둘기","0","0","0","0","0","0","0.00"
"멧비둘기","1,167","2,517","2,319","2,911","1,269","804","1,831.17"
"염주비둘기","0","0","0","0","0","0","0.00"
"홍비둘기","0","0","0","0","0","0","0.00"
"목점박이비둘기","0","0","0","0","0","0","0.00"
"녹색비둘기","0","0","0","0","0","0","0.00"
"밤색날개뻐꾸기","0","0","0","0","0","0","0.00"
"큰매사촌","0","0","0","0","0","0","0.00"
"매사촌","0","0","0","0","0","0","0.00"
"검은등뻐꾸기","0","0","0","0","0","0","0.00"
"뻐꾸기","0","0","0","0","0","0","0.00"
"벙어리뻐꾸기","0","0","0","0","0","0","0.00"
"두견","0","0","0","0","0","0","0.00"
"검은두견이","0","0","0","0","0","0","0.00"
"검은뻐꾸기","0","0","0","0","0","0","0.00"
"우는뻐꾸기","0","0","0","0","0","0","0.00"
"작은뻐꾸기사촌","0","0","0","0","0","0","0.00"
"가면올빼미","0","0","0","0","0","0","0.00"
"큰소쩍새","0","0","0","0","0","0","0.00"
"소쩍새","0","0","0","0","0","0","0.00"
"흰올빼미","0","0","0","0","0","0","0.00"
"수리부엉이","0","0","0","1","1","1","0.50"
"올빼미","0","0","0","0","0","0","0.00"
"긴점박이올빼미","0","0","0","0","0","0","0.00"
"긴꼬리올빼미","0","0","0","0","0","0","0.00"
"금눈쇠올빼미","0","0","0","0","0","0","0.00"
"솔부엉이","0","0","0","0","0","0","0.00"
"칡부엉이","0","0","0","0","0","0","0.00"
"쇠부엉이","0","0","0","0","0","0","0.00"
"쏙독새","0","0","0","0","0","0","0.00"
"작은칼새","0","0","0","0","0","0","0.00"
"바늘꼬리칼새","0","0","0","0","0","0","0.00"
"칼새","0","0","0","0","0","0","0.00"
"쇠칼새","0","0","0","0","0","0","0.00"
"파랑새","0","0","0","0","0","0","0.00"
"호반새","0","0","0","0","0","0","0.00"
"청호반새","0","0","0","0","0","0","0.00"
"물총새","9","2","2","6","1","1","3.50"
"뿔호반새","0","0","0","0","0","0","0.00"
"후투티","3","3","32","6","3","2","8.17"
"개미잡이","0","0","0","0","0","0","0.00"
"붉은배오색딱다구리","0","0","0","0","0","0","0.00"
"쇠딱다구리","23","16","22","33","19","18","21.83"
"아물쇠딱다구리","0","0","0","0","0","0","0.00"
"쇠오색딱다구리","0","0","0","0","0","0","0.00"
"큰오색딱다구리","0","1","4","1","1","0","1.17"
"오색딱다구리","9","16","26","32","17","11","18.50"
"세가락딱다구리","0","0","0","0","0","0","0.00"
"크낙새","0","0","0","0","0","0","0.00"
"까막딱다구리","0","0","0","0","0","0","0.00"
"청딱다구리","13","13","14","14","12","7","12.17"
"팔색조","0","0","0","0","0","0","0.00"
"푸른날개팔색조","0","0","0","0","0","0","0.00"
"회색숲제비","0","0","0","0","0","0","0.00"
"검은할미새사촌","0","0","0","0","0","0","0.00"
"할미새사촌","0","0","0","0","0","0","0.00"
"검은가슴할미새사촌","0","0","0","0","0","0","0.00"
"칡때까치","0","0","0","0","0","0","0.00"
"때까치","69","46","53","53","56","12","48.17"
"노랑때까치","0","0","0","0","0","0","0.00"
"붉은등때까치","0","0","0","0","0","0","0.00"
"긴꼬리때까치","0","0","0","0","0","0","0.00"
"재때까치","0","0","0","0","0","0","0.00"
"물때까치","1","1","8","3","1","2","2.67"
"꾀꼬리","0","0","0","0","0","0","0.00"
"검은바람까마귀","0","0","0","0","0","0","0.00"
"회색바람까마귀","0","0","0","0","0","0","0.00"
"바람까마귀","0","0","0","0","0","0","0.00"
"북방긴꼬리딱새","0","0","0","0","0","0","0.00"
"긴꼬리딱새","0","0","0","0","0","0","0.00"
"어치","27","5","28","32","1","9","17.00"
"물까치","787","392","749","571","45","123","444.50"
"까치","971","1,119","2,254","2,121","836","804","1,350.83"
"잣까마귀","0","0","0","0","0","0","0.00"
"붉은부리까마귀","0","0","0","0","0","0","0.00"
"갈까마귀","0","0","11","0","0","0","1.83"
"집까마귀","0","0","0","0","0","0","0.00"
"떼까마귀","10","1,290","7,146","11,467","472","369","3,459.00"
"까마귀","27","9","185","436","74","46","129.50"
"큰부리까마귀","227","289","854","610","385","256","436.83"
"큰까마귀","0","0","0","0","0","0","0.00"
"황여새","0","0","0","0","0","0","0.00"
"홍여새","0","0","0","0","0","27","4.50"
"박새","324","311","871","738","355","354","492.17"
"노랑배진박새","0","0","0","0","0","0","0.00"
"진박새","12","6","27","15","23","12","15.83"
"곤줄박이","14","6","15","27","6","10","13.00"
"쇠박새","160","134","211","334","141","101","180.17"
"북방쇠박새","0","0","0","0","0","0","0.00"
"스윈호오목눈이","0","0","0","0","0","0","0.00"
"갈색제비","0","0","0","0","0","0","0.00"
"제비","6","0","0","0","0","9","2.50"
"바위산제비","0","0","0","0","0","0","0.00"
"흰턱제비","0","0","0","0","0","0","0.00"
"흰털발제비","0","0","0","0","0","0","0.00"
"귀제비","0","2","0","0","0","0","0.33"
"오목눈이","247","102","186","212","126","109","163.67"
"쇠종다리","0","0","0","0","0","0","0.00"
"북방쇠종다리","0","0","0","0","0","0","0.00"
"흰날개종다리","0","0","0","0","0","0","0.00"
"뿔종다리","0","0","0","0","0","0","0.00"
"종다리","29","641","405","352","415","152","332.33"
"남방종다리","0","0","0","0","0","0","0.00"
"해변종다리","0","0","0","0","0","0","0.00"
"개개비사촌","0","0","0","0","0","0","0.00"
"꼬리치레","0","0","0","0","0","0","0.00"
"검은이마직박구리","0","11","2","3","3","0","3.17"
"직박구리","317","319","754","736","208","172","417.67"
"큰개개비","0","0","0","0","0","0","0.00"
"숲새","0","1","0","0","0","0","0.17"
"휘파람새","0","0","0","0","0","0","0.00"
"쇠덤불개개비","0","0","0","0","0","0","0.00"
"점무늬가슴쥐발귀","0","0","0","0","0","0","0.00"
"쥐발귀개개비","0","0","0","0","0","0","0.00"
"북방개개비","0","0","0","0","0","0","0.00"
"알락꼬리쥐발귀","0","0","0","0","0","0","0.00"
"섬개개비","0","0","0","0","0","0","0.00"
"붉은허리개개비","0","0","0","0","0","0","0.00"
"큰부리개개비","0","0","0","0","0","0","0.00"
"개개비","0","0","0","0","0","0","0.00"
"쇠개개비","0","0","0","0","0","0","0.00"
"풀쇠개개비","0","0","0","0","0","0","0.00"
"북방쇠개개비","0","0","0","0","0","0","0.00"
"연노랑솔새","0","0","0","0","0","0","0.00"
"검은다리솔새","0","0","0","0","0","0","0.00"
"쇠긴다리솔새사촌","0","0","0","0","0","0","0.00"
"솔새사촌","0","0","0","0","0","0","0.00"
"노랑배솔새사촌","0","0","0","0","0","0","0.00"
"긴다리솔새사촌","0","0","0","0","0","0","0.00"
"노랑배솔새","0","0","0","0","0","0","0.00"
"노랑허리솔새","0","0","0","0","0","0","0.00"
"노랑눈썹솔새","19","0","0","0","0","0","3.17"
"연노랑눈썹솔새","0","0","0","0","0","0","0.00"
"회색머리노랑솔새","0","0","0","0","0","0","0.00"
"쇠솔새","1","0","0","0","0","0","0.17"
"솔새","0","0","0","0","0","0","0.00"
"버들솔새","0","0","0","0","0","0","0.00"
"되솔새","0","0","0","0","0","0","0.00"
"사할린되솔새","0","0","0","0","0","0","0.00"
"산솔새","0","0","0","0","0","0","0.00"
"히말라야산솔새","0","0","0","0","0","0","0.00"
"비늘무늬덤불개개비","0","0","0","0","0","0","0.00"
"쇠흰턱딱새","0","0","0","0","0","0","0.00"
"수염오목눈이","0","0","0","0","0","0","0.00"
"붉은머리오목눈이","2,550","3,257","7,324","6,809","4,533","2,126","4,433.17"
"한국동박새","0","0","0","0","0","0","0.00"
"동박새","0","0","0","0","0","0","0.00"
"상모솔새","2","0","3","8","0","0","2.17"
"굴뚝새","0","1","14","8","1","3","4.50"
"동고비","7","2","19","11","13","6","9.67"
"쇠동고비","0","0","0","0","0","0","0.00"
"나무발발이","0","1","1","0","0","1","0.50"
"검은뿔찌르레기","0","0","0","0","0","0","0.00"
"북방쇠찌르레기","0","0","0","0","0","0","0.00"
"쇠찌르레기","0","0","0","0","0","0","0.00"
"잿빛쇠찌르레기","0","0","0","0","0","0","0.00"
"분홍찌르레기","0","0","0","0","0","0","0.00"
"붉은부리찌르레기","0","0","0","1","0","0","0.17"
"찌르레기","8","15","63","205","15","72","63.00"
"흰점찌르레기","0","0","0","0","0","0","0.00"
"귤빛지빠귀","0","0","0","0","0","0","0.00"
"흰눈썹지빠귀","0","0","0","0","0","0","0.00"
"호랑지빠귀","0","0","0","0","0","0","0.00"
"되지빠귀","0","0","0","0","0","0","0.00"
"검은지빠귀","0","0","0","0","0","0","0.00"
"대륙검은지빠귀","0","0","0","0","0","0","0.00"
"갈색지빠귀","0","0","0","0","0","0","0.00"
"흰눈썹붉은배지빠귀","0","0","0","0","0","0","0.00"
"흰배지빠귀","0","0","0","0","0","0","0.00"
"붉은배지빠귀","0","0","0","0","0","0","0.00"
"검은목지빠귀","0","0","0","0","0","0","0.00"
"붉은목지빠귀","0","0","0","0","0","0","0.00"
"노랑지빠귀","1","9","65","102","45","35","42.83"
"개똥지빠귀","0","6","23","42","8","17","16.00"
"회색머리지빠귀","0","0","0","0","0","0","0.00"
"붉은날개지빠귀","0","0","0","0","0","0","0.00"
"큰점지빠귀","0","0","0","0","0","0","0.00"
"대륙점지빠귀","0","0","0","0","0","0","0.00"
"꼬까울새","0","0","0","0","0","0","0.00"
"붉은가슴울새","0","0","0","0","0","0","0.00"
"흰눈썹울새","0","0","0","0","0","0","0.00"
"진홍가슴","0","0","0","0","0","0","0.00"
"쇠유리새","0","0","0","0","0","0","0.00"
"유리딱새","0","4","0","0","0","0","0.67"
"울새","0","0","0","0","0","0","0.00"
"검은머리딱새","0","0","0","0","0","0","0.00"
"딱새","166","95","182","190","91","82","134.33"
"흰목딱새","0","0","0","0","0","0","0.00"
"부채꼬리바위딱새","0","0","0","0","0","0","0.00"
"흰머리바위딱새","0","0","0","0","0","0","0.00"
"검은딱새","3","0","0","0","0","0","0.50"
"검은뺨딱새","0","0","0","0","0","0","0.00"
"긴다리사막딱새","0","0","0","0","0","0","0.00"
"사막딱새","0","0","0","0","0","0","0.00"
"검은등사막딱새","0","0","0","0","0","0","0.00"
"검은꼬리사막딱새","0","0","0","0","0","0","0.00"
"바다직박구리","0","0","0","1","0","0","0.17"
"꼬까직박구리","0","0","0","0","0","0","0.00"
"제비딱새","0","0","0","0","0","0","0.00"
"솔딱새","0","0","0","0","0","0","0.00"
"쇠솔딱새","0","0","0","0","0","0","0.00"
"회색머리딱새","0","0","0","0","0","0","0.00"
"흰눈썹황금새","0","0","0","0","0","0","0.00"
"황금새","0","0","0","0","0","0","0.00"
"북방황금새","0","0","0","0","0","0","0.00"
"노랑딱새","0","0","0","0","0","0","0.00"
"흰꼬리딱새","0","0","0","0","0","0","0.00"
"붉은가슴흰꼬리딱새","0","0","0","0","0","0","0.00"
"큰유리새","0","0","0","0","0","0","0.00"
"파랑딱새","0","0","0","0","0","0","0.00"
"붉은가슴딱새","0","0","0","0","0","0","0.00"
"회색머리노랑딱새","0","0","0","0","0","0","0.00"
"물까마귀","0","0","0","0","0","0","0.00"
"집참새","0","0","0","0","0","0","0.00"
"섬참새","0","0","0","0","0","0","0.00"
"참새","5,883","6,197","12,324","13,446","4,729","3,538","7,686.17"
"얼룩무늬납부리새","0","0","0","0","0","0","0.00"
"바위종다리","0","0","0","0","0","0","0.00"
"멧종다리","0","0","20","14","0","8","7.00"
"쇠바위종다리","0","0","0","0","0","0","0.00"
"물레새","0","0","0","0","0","0","0.00"
"긴발톱할미새","2","0","0","0","0","0","0.33"
"노랑머리할미새","0","0","0","0","0","0","0.00"
"노랑할미새","7","0","0","0","0","0","1.17"
"알락할미새","158","114","136","108","89","135","123.33"
"검은등할미새","46","37","69","56","64","51","53.83"
"큰밭종다리","0","0","0","0","0","0","0.00"
"쇠밭종다리","0","0","0","0","0","0","0.00"
"풀밭종다리","0","0","0","0","0","0","0.00"
"나무밭종다리","0","0","0","0","0","0","0.00"
"힝둥새","243","2","3","9","9","3","44.83"
"흰등밭종다리","0","0","0","0","0","0","0.00"
"한국밭종다리","0","0","0","0","0","0","0.00"
"붉은가슴밭종다리","0","0","0","0","0","0","0.00"
"밭종다리","15","27","39","16","34","0","21.83"
"옅은밭종다리","0","0","0","0","0","0","0.00"
"푸른머리되새","0","0","0","0","0","0","0.00"
"되새","924","123","946","759","191","185","521.33"
"방울새","429","562","484","563","365","331","455.67"
"검은머리방울새","4","32","25","12","6","30","18.17"
"홍방울새","0","0","2","0","0","0","0.33"
"쇠홍방울새","0","0","0","0","0","0","0.00"
"갈색양진이","0","0","0","0","0","0","0.00"
"긴꼬리홍양진이","0","0","39","48","14","16","19.50"
"붉은양진이","0","0","0","0","0","0","0.00"
"양진이","0","0","0","0","0","0","0.00"
"솔양진이","0","0","0","0","0","0","0.00"
"솔잣새","0","0","0","0","0","0","0.00"
"흰죽지솔잣새","0","0","0","0","0","0","0.00"
"멋쟁이새","0","0","0","6","0","4","1.67"
"콩새","9","146","467","920","269","300","351.83"
"밀화부리","178","244","10","73","2","0","84.50"
"큰부리밀화부리","0","0","0","0","0","0","0.00"
"노랑멧새","0","0","0","0","0","0","0.00"
"흰머리멧새","0","0","0","0","0","0","0.00"
"바위멧새","0","0","0","0","0","0","0.00"
"멧새","39","94","85","150","74","50","82.00"
"점박이멧새","0","0","0","0","0","0","0.00"
"회색머리멧새","0","0","0","0","0","0","0.00"
"흰배멧새","3","0","0","0","0","0","0.50"
"붉은뺨멧새","0","0","0","0","0","0","0.00"
"쇠붉은뺨멧새","2","0","0","3","0","0","0.83"
"노랑눈썹멧새","0","0","0","0","0","0","0.00"
"쑥새","1,427","1,825","2,582","1,990","1,156","1,664","1,774.00"
"노랑턱멧새","307","800","1,077","791","625","529","688.17"
"검은머리촉새","2","0","0","0","0","0","0.33"
"꼬까참새","2","0","0","0","0","0","0.33"
"검은머리멧새","0","0","0","0","0","0","0.00"
"붉은머리멧새","0","0","0","0","0","0","0.00"
"무당새","0","0","0","0","0","0","0.00"
"촉새","269","43","0","3","7","2","54.00"
"검은멧새","0","0","0","0","0","0","0.00"
"북방검은머리쑥새","13","37","201","223","151","158","130.50"
"쇠검은머리쑥새","0","0","0","0","1","0","0.17"
"검은머리쑥새","0","0","9","0","8","21","6.33"
"긴발톱멧새","0","0","0","0","0","0","0.00"
"흰멧새","0","0","0","0","0","0","0.00"
"흰정수리북미멧새","0","0","0","0","0","0","0.00"
"노랑정수리멧새","0","0","0","0","0","0","0.00"
"초원멧새","0","0","0","0","0","0","0.00"
"집비둘기","281","362","1,215","819","317","140","522.33"
"미동정 조류","0","0","0","0","0","0","0.00"
"미동정 수조류","0","0","0","0","0","0","0.00"
"미동정 산새류","0","0","0","0","0","0","0.00"
"미동정 아비류","0","0","0","0","0","0","0.00"
"미동정 가마우지류","0","0","0","0","0","0","0.00"
"미동정 백로류","0","0","0","0","0","0","0.00"
"미동정 고니류","0","0","0","0","0","0","0.00"
"미동정 기러기류","62,814","1,763","5,058","6,553","7,186","829","14,033.83"
"미동정 오리류","0","0","1","132","65","0","33.00"
"미동정 흰죽지류","0","0","0","0","0","0","0.00"
"미동정 맹금류","0","0","0","0","0","0","0.00"
"미동정 소형도요류","0","0","0","0","0","0","0.00"
"미동정 중형도요류","0","0","0","0","0","0","0.00"
"미동정 도요류","0","0","0","0","0","0","0.00"
"미동정 갈매기류","0","0","0","0","0","0","0.00"
"미동정 밭종다리류","0","0","0","0","0","0","0.00"